pag,titulo,direccion,moneda,valor,tipo_inmueble,tipo_contrato,valor_en_pesos,direccion_procesada,latitude,longitude,place_id
https://portalinmobiliario.com/MLC-1538452407-casa-en-condominio-altos-del-bosque-valle-volcanes-_JM#polycard_client=search-nordic&position=1&search_layout=grid&type=item&tracking_id=72a87fda-b3af-4ae5-828c-02e55637169e,"Casa En Condominio Altos Del Bosque, Valle Volcanes","Volcán Choshuenco 5111, Mirasol de Puerto Montt, Puerto Montt, Los Lagos",$,950000,Casas,Arriendo,950000.0,"Volcán Choshuenco 5111, Mirasol de Puerto Montt, Puerto Montt, Los Lagos",-41.4787262,-72.9751447,ChIJeTgM-pk7GJYRS1L7Mhr0EfU
https://portalinmobiliario.com/MLC-2820614566-arriendo-casa-amplia-4d2b-valle-volcanes-puerto-montt-_JM#polycard_client=search-nordic&position=2&search_layout=grid&type=item&tracking_id=72a87fda-b3af-4ae5-828c-02e55637169e,"Arriendo Casa Amplia 4d/2b Valle Volcanes, Puerto Montt","Los Trigales, Puerto Montt, La Paloma, Puerto Montt, Los Lagos",$,785000,Casas,Arriendo,785000.0,"Los Trigales, Puerto Montt, La Paloma, Puerto Montt, Los Lagos",-41.4603093,-72.906179,ChIJ2ZtCn306GJYRUrFJOx1IxhM
https://portalinmobiliario.com/MLC-1567266697-arrienda-casa-de-3-dormitorios-en-jardin-oriente-_JM#polycard_client=search-nordic&position=3&search_layout=grid&type=item&tracking_id=72a87fda-b3af-4ae5-828c-02e55637169e,Arrienda Casa De 3 Dormitorios En Jardín Oriente,"Espino Blanco, Puerto Montt, La Paloma, Puerto Montt, Los Lagos",$,550000,Casas,Arriendo,550000.0,"Espino Blanco, Puerto Montt, La Paloma, Puerto Montt, Los Lagos",-41.4474219,-72.9193046,ChIJWw_LnZM6GJYRgx6-k4RNTts
https://portalinmobiliario.com/MLC-2814346154-jardin-austral-amplia-casa-_JM#polycard_client=search-nordic&position=4&search_layout=grid&type=item&tracking_id=72a87fda-b3af-4ae5-828c-02e55637169e,Jardin Austral Amplia Casa,"Laguna Verde 2036, Llanquihue, Puerto Montt, Puerto Montt, Los Lagos",$,680000,Casas,Arriendo,680000.0,"Laguna Verde 2036, Llanquihue, Puerto Montt, Puerto Montt, Los Lagos",-41.44652000000001,-72.93806239999999,ChIJ1wbRBOc6GJYRs3PQui26W7o
https://portalinmobiliario.com/MLC-1564977193-casa-nueva-sector-santuario-de-la-laguna-67881-_JM#polycard_client=search-nordic&position=5&search_layout=grid&type=item&tracking_id=72a87fda-b3af-4ae5-828c-02e55637169e,Casa Nueva Sector Santuario De La Laguna (67881),"Casa Nueva Sector Santuario De La Laguna, Puerto Montt, Los Lagos",UF,20,Casas,Arriendo,768779.6000000001,"Casa Nueva Sector Santuario De La Laguna, Puerto Montt, Los Lagos",-41.4693622,-72.94244050000002,ChIJB_QgaU06GJYR38mleVrxo4Y
https://portalinmobiliario.com/MLC-2819221684-se-arrienda-amplia-casa-en-jardin-austral-72470-_JM#polycard_client=search-nordic&position=6&search_layout=grid&type=item&tracking_id=72a87fda-b3af-4ae5-828c-02e55637169e,Se Arrienda Amplia Casa En Jardin Austral (72470),"Se Arrienda Hermosa Casa En Jardin Austral, La Paloma, Puerto Montt, Los Lagos",$,850000,Casas,Arriendo,850000.0,"Se Arrienda Hermosa Casa En Jardin Austral, La Paloma, Puerto Montt, Los Lagos",-41.4517884,-72.90819139999999,ChIJCX0pPIU6GJYRRsXgcaz33MI
https://portalinmobiliario.com/MLC-1564946317-casa-esquina-en-arriendo-en-puerto-montt-3d2b-_JM#polycard_client=search-nordic&position=7&search_layout=grid&type=item&tracking_id=72a87fda-b3af-4ae5-828c-02e55637169e,Casa Esquina En Arriendo En Puerto Montt 3d2b,"Puerto Montt, Los Lagos",$,600000,Casas,Arriendo,600000.0,"Puerto Montt, Los Lagos",-41.4693622,-72.94244050000002,ChIJB_QgaU06GJYR38mleVrxo4Y
https://portalinmobiliario.com/MLC-2813855604-legalpropschile-arrienda-moderna-casa-en-parcelacion-lagunit-_JM#polycard_client=search-nordic&position=8&search_layout=grid&type=item&tracking_id=72a87fda-b3af-4ae5-828c-02e55637169e,Legalpropschile Arrienda Moderna Casa En Parcelación Lagunit,"Condominio Lagunita, Puerto Montt, Puerto Montt, Los Lagos",$,1100000,Casas,Arriendo,1100000.0,"Condominio Lagunita, Puerto Montt, Puerto Montt, Los Lagos",-41.4623136,-72.9312497,ChIJO9t2LfY6GJYRpMkrKZYiuvg
https://portalinmobiliario.com/MLC-2802231894-valle-volcanes-santuario-de-la-laguna-casa-con-reja-_JM#polycard_client=search-nordic&position=9&search_layout=grid&type=item&tracking_id=72a87fda-b3af-4ae5-828c-02e55637169e,Valle Volcanes Santuario De La Laguna Casa Con Reja,"C. Painemilla 5059, Puerto Montt, Puerto Montt, Los Lagos",$,650000,Casas,Arriendo,650000.0,"C. Painemilla 5059, Puerto Montt, Puerto Montt, Los Lagos",-41.4595648,-72.89970679999999,ChIJdWg0kn86GJYRcsNP9eD0qtQ
https://portalinmobiliario.com/MLC-2814334948-casa-bosquemar-cerca-colegio-_JM#polycard_client=search-nordic&position=10&search_layout=grid&type=item&tracking_id=72a87fda-b3af-4ae5-828c-02e55637169e,Casa Bosquemar Cerca Colegio!!!,"Bosque De Luz 1588, Puerto Montt, Puerto Montt, Los Lagos",$,450000,Casas,Arriendo,450000.0,"Bosque De Luz 1588, Puerto Montt, Puerto Montt, Los Lagos",-41.4863728,-72.9992051,ChIJ7ca0NHE8GJYRurlZ25AnKuI
https://portalinmobiliario.com/MLC-1563484021-casa-familiar-en-valle-volcanes-_JM#polycard_client=search-nordic&position=11&search_layout=grid&type=item&tracking_id=72a87fda-b3af-4ae5-828c-02e55637169e,Casa Familiar En Valle Volcanes,"Las Lengas, Puerto Montt, La Paloma, Puerto Montt, Los Lagos",$,1200000,Casas,Arriendo,1200000.0,"Las Lengas, Puerto Montt, La Paloma, Puerto Montt, Los Lagos",-41.4630571,-72.9124061,ChIJVbbiDmM6GJYRXuc-4rukbnU
https://portalinmobiliario.com/MLC-2820412348-arriendo-casa-nueva-bosquemar-76716-_JM#polycard_client=search-nordic&position=12&search_layout=grid&type=item&tracking_id=72a87fda-b3af-4ae5-828c-02e55637169e,Arriendo Casa Nueva Bosquemar (76716),"Avenida Diego De Almagro, Puerto Montt, Chile, Puerto Montt, Los Lagos",$,500000,Casas,Arriendo,500000.0,"Avenida Diego De Almagro, Puerto Montt, Chile, Puerto Montt, Los Lagos",-41.4679852,-72.9791852,ChIJmRm7dHc7GJYRoEO9EEh6-d0
https://portalinmobiliario.com/MLC-2823756274-santuario-de-la-laguna-valle-volcanes-puerto-montt-_JM#polycard_client=search-nordic&position=13&search_layout=grid&type=item&tracking_id=72a87fda-b3af-4ae5-828c-02e55637169e,"Santuario De La Laguna, Valle Volcanes Puerto Montt","C. Painemilla 5059, Puerto Montt, Puerto Montt, Los Lagos",$,650000,Casas,Arriendo,650000.0,"C. Painemilla 5059, Puerto Montt, Puerto Montt, Los Lagos",-41.4595648,-72.89970679999999,ChIJdWg0kn86GJYRcsNP9eD0qtQ
https://portalinmobiliario.com/MLC-2809781674-hermosa-casa-puerta-sur-_JM#polycard_client=search-nordic&position=14&search_layout=grid&type=item&tracking_id=72a87fda-b3af-4ae5-828c-02e55637169e,Hermosa Casa Puerta Sur,"Isla Robinson Crusoe 6250, Puerto Montt, Puerto Montt, Los Lagos",$,420000,Casas,Arriendo,420000.0,"Isla Robinson Crusoe 6250, Puerto Montt, Puerto Montt, Los Lagos",-41.47168449999999,-73.0005044,ChIJv0QgPYc8GJYRsXsr41CzVAo
https://portalinmobiliario.com/MLC-2802230224-casa-en-valle-volcanes-_JM#polycard_client=search-nordic&position=15&search_layout=grid&type=item&tracking_id=72a87fda-b3af-4ae5-828c-02e55637169e,Casa En Valle Volcanes,"Cerro Tronador, Puerto Montt, La Paloma, Puerto Montt, Los Lagos",$,650000,Casas,Arriendo,650000.0,"Cerro Tronador, Puerto Montt, La Paloma, Puerto Montt, Los Lagos",-41.4586539,-72.9045421,Ei5DZXJybyBUcm9uYWRvciwgUHVlcnRvIE1vbnR0LCBMb3MgTGFnb3MsIENoaWxlIi4qLAoUChIJE8khXYc6GJYRxDqCxtv648ASFAoSCQf0IGlNOhiWEd_JpXla8aOG
https://portalinmobiliario.com/MLC-2727175442-arriendo-casa-nueva-en-valle-volcanes-_JM#polycard_client=search-nordic&position=16&search_layout=grid&type=item&tracking_id=72a87fda-b3af-4ae5-828c-02e55637169e,Arriendo Casa Nueva En Valle Volcanes,"Valle Volcanes, La Paloma, Puerto Montt, Los Lagos",$,550000,Casas,Arriendo,550000.0,"Valle Volcanes, La Paloma, Puerto Montt, Los Lagos",-41.4517884,-72.90819139999999,ChIJCX0pPIU6GJYRRsXgcaz33MI
https://portalinmobiliario.com/MLC-2789014468-1044-bertoldo-schmidt-hausdorf-n-1917-artesanos-de-alerc-_JM#polycard_client=search-nordic&position=17&search_layout=grid&type=item&tracking_id=72a87fda-b3af-4ae5-828c-02e55637169e,"1044 - Bertoldo Schmidt Hausdorf N° 1917, Artesanos De Alerc","Bertoldo Schmidt Hausdorf 1917, Llanquihue, Puerto Montt, Chile, Alerces, Puerto Montt, Los Lagos",$,335000,Casas,Arriendo,335000.0,"Bertoldo Schmidt Hausdorf 1917, Llanquihue, Puerto Montt, Chile, Alerces, Puerto Montt, Los Lagos",-41.4097423,-72.90752549999999,ChIJFThMYlolGJYRmjGPTN8Whn0
https://portalinmobiliario.com/MLC-1565859311-casa-exclusiva-4d3b-48076-_JM#polycard_client=search-nordic&position=18&search_layout=grid&type=item&tracking_id=72a87fda-b3af-4ae5-828c-02e55637169e,Casa Exclusiva 4d/3b (48076),"Casa Exclusiva 4d/3b, La Paloma, Puerto Montt, Los Lagos",$,1200000,Casas,Arriendo,1200000.0,"Casa Exclusiva 4d/3b, La Paloma, Puerto Montt, Los Lagos",-41.4517884,-72.90819139999999,ChIJCX0pPIU6GJYRRsXgcaz33MI
https://portalinmobiliario.com/MLC-2823766750-excelente-casa-en-arriendo-puerta-sur-la-19926-_JM#polycard_client=search-nordic&position=19&search_layout=grid&type=item&tracking_id=72a87fda-b3af-4ae5-828c-02e55637169e,Excelente Casa En Arriendo Puerta Sur (la) (19926),"Excelente Casa En Arriendo Puerta Sur (la), Puerto Montt, Los Lagos",$,490000,Casas,Arriendo,490000.0,"Excelente Casa En Arriendo Puerta Sur (la), Puerto Montt, Los Lagos",-41.4727661,-72.9997252,ChIJ9TzhcZ09GJYRWgBhyJ5AZ40
https://portalinmobiliario.com/MLC-1560355583-lindas-cabanas-maullin-72670-_JM#polycard_client=search-nordic&position=20&search_layout=grid&type=item&tracking_id=72a87fda-b3af-4ae5-828c-02e55637169e,Lindas Cabañas Maullin (72670),"Cabañas Maullin, Lintz, Puerto Montt, Los Lagos",$,380000,Casas,Arriendo,380000.0,"Cabañas Maullin, Lintz, Puerto Montt, Los Lagos",-41.4569353,-72.9530652,ChIJazMRxgQ7GJYR0jk_jq1cim0
https://portalinmobiliario.com/MLC-2826149854-arriendo-casa-en-bosquemar-68855-_JM#polycard_client=search-nordic&position=21&search_layout=grid&type=item&tracking_id=72a87fda-b3af-4ae5-828c-02e55637169e,Arriendo Casa En Bosquemar (68855),"Arriendo Casa En Bosquemar, Puerto Montt, Los Lagos",$,510000,Casas,Arriendo,510000.0,"Arriendo Casa En Bosquemar, Puerto Montt, Los Lagos",-41.4554348,-72.9360751,ChIJW45wKio7GJYRU3Cjs_boKnA
https://portalinmobiliario.com/MLC-1564014213-arriendo-en-av-los-notros-portal-del-mar-52306-_JM#polycard_client=search-nordic&position=22&search_layout=grid&type=item&tracking_id=72a87fda-b3af-4ae5-828c-02e55637169e,Arriendo En Av Los Notros Portal Del Mar (52306),"Arriendo En Los Notros Portal Del Mar, Mirasol de Puerto Montt, Puerto Montt, Los Lagos",$,450000,Casas,Arriendo,450000.0,"Arriendo En Los Notros Portal Del Mar, Mirasol de Puerto Montt, Puerto Montt, Los Lagos",-41.4835296,-72.9921551,Ei5Bdi4gTG9zIE5vdHJvcywgUHVlcnRvIE1vbnR0LCBMb3MgTGFnb3MsIENoaWxlIi4qLAoUChIJWxsRT5c7GJYRqQBTsmDRj7ISFAoSCWPtTjGWOxiWEcZcIjaxGr0W
https://portalinmobiliario.com/MLC-1563891553-casa-en-lagunita-pasaje-10-75200-_JM#polycard_client=search-nordic&position=23&search_layout=grid&type=item&tracking_id=72a87fda-b3af-4ae5-828c-02e55637169e,Casa En Lagunita Pasaje 10 (75200),"Casa De 1 Piso En Lagunita Puerto Montt, Puerto Montt, Los Lagos",$,500000,Casas,Arriendo,500000.0,"Casa De 1 Piso En Lagunita Puerto Montt, Puerto Montt, Los Lagos",-41.4623136,-72.9312497,ChIJO9t2LfY6GJYRpMkrKZYiuvg
https://portalinmobiliario.com/MLC-2820455412-casa-en-lagunita-pasaje-10-75200-_JM#polycard_client=search-nordic&position=24&search_layout=grid&type=item&tracking_id=72a87fda-b3af-4ae5-828c-02e55637169e,Casa En Lagunita Pasaje 10 (75200),"Casa De 1 Piso En Lagunita Puerto Montt, Puerto Montt, Los Lagos",$,500000,Casas,Arriendo,500000.0,"Casa De 1 Piso En Lagunita Puerto Montt, Puerto Montt, Los Lagos",-41.4623136,-72.9312497,ChIJO9t2LfY6GJYRpMkrKZYiuvg
https://portalinmobiliario.com/MLC-1563278639-casa-nueva-excelente-sector-de-puerto-montt-63739-_JM#polycard_client=search-nordic&position=25&search_layout=grid&type=item&tracking_id=72a87fda-b3af-4ae5-828c-02e55637169e,Casa Nueva Excelente Sector De Puerto Montt (63739),"Casa Nueva Sector Santuario De La Laguna, Puerto Montt, Los Lagos",UF,19,Casas,Arriendo,730340.6200000001,"Casa Nueva Sector Santuario De La Laguna, Puerto Montt, Los Lagos",-41.4693622,-72.94244050000002,ChIJB_QgaU06GJYR38mleVrxo4Y
https://portalinmobiliario.com/MLC-2822458602-hermosa-casa-en-condominio-cerrado-66850-_JM#polycard_client=search-nordic&position=26&search_layout=grid&type=item&tracking_id=72a87fda-b3af-4ae5-828c-02e55637169e,Hermosa Casa En Condominio Cerrado (66850),"Hermosa Casa En Condominio Cerrado, Puerto Montt, Los Lagos",$,750000,Casas,Arriendo,750000.0,"Hermosa Casa En Condominio Cerrado, Puerto Montt, Los Lagos",-41.4734657,-72.9341788,ChIJccclxtg7GJYRNysQGkvMGRk
https://portalinmobiliario.com/MLC-1557808075-amplia-casa-en-brisas-del-norte-69575-_JM#polycard_client=search-nordic&position=27&search_layout=grid&type=item&tracking_id=72a87fda-b3af-4ae5-828c-02e55637169e,Amplia Casa En Brisas Del Norte (69575),"Amplia Casa En Brisas Del Norte, La Paloma, Puerto Montt, Los Lagos",$,750000,Casas,Arriendo,750000.0,"Amplia Casa En Brisas Del Norte, La Paloma, Puerto Montt, Los Lagos",-41.4517884,-72.90819139999999,ChIJCX0pPIU6GJYRRsXgcaz33MI
https://portalinmobiliario.com/MLC-2823323106-arriendo-en-costa-chinquio-67255-_JM#polycard_client=search-nordic&position=28&search_layout=grid&type=item&tracking_id=72a87fda-b3af-4ae5-828c-02e55637169e,Arriendo En Costa Chinquio (67255),"Arriendo En Costa Chinquio, Puerto Montt, Los Lagos",$,450000,Casas,Arriendo,450000.0,"Arriendo En Costa Chinquio, Puerto Montt, Los Lagos",-41.4711436,-72.9386356,ChIJncUHC1E6GJYRoy4B8xFbbKg
https://portalinmobiliario.com/MLC-1563868295-1441-aida-montet-maldonado-n6142-puerta-sur-_JM#polycard_client=search-nordic&position=29&search_layout=grid&type=item&tracking_id=72a87fda-b3af-4ae5-828c-02e55637169e,"1441 - Aida Montet Maldonado N°6142, Puerta Sur","Aida Montet Maldonado 6142, Puerto Montt, Puerto Montt, Los Lagos",$,420000,Casas,Arriendo,420000.0,"Aida Montet Maldonado 6142, Puerto Montt, Puerto Montt, Los Lagos",-41.4713331,-73.0044534,ChIJbUzPLYY8GJYRwT5qssapCiA
https://portalinmobiliario.com/MLC-2808182782-354-psj-puerto-calderilla-n1150-brisas-del-sur-_JM#polycard_client=search-nordic&position=30&search_layout=grid&type=item&tracking_id=72a87fda-b3af-4ae5-828c-02e55637169e,"354 - Psj. Puerto Calderilla Nº1150, Brisas Del Sur","Pto Calderilla 1150, Puerto Montt, Mirasol de Puerto Montt, Puerto Montt, Los Lagos",$,460000,Casas,Arriendo,460000.0,"Pto Calderilla 1150, Puerto Montt, Mirasol de Puerto Montt, Puerto Montt, Los Lagos",-41.4802884,-72.9836789,ChIJvdirZIU7GJYR6275l-6fBbw
https://portalinmobiliario.com/MLC-2789066664-512-granitico-n5298-casa-59-condominio-villa-tepual-_JM#polycard_client=search-nordic&position=31&search_layout=grid&type=item&tracking_id=72a87fda-b3af-4ae5-828c-02e55637169e,"512 - Granitico Nº5298, Casa 59, Condominio Villa Tepual","Granitico 5298, Puerto Montt, Los Lagos",$,450000,Casas,Arriendo,450000.0,"Granitico 5298, Puerto Montt, Los Lagos",-41.456299,-72.9942884,ChIJR_EYSp48GJYR9_3fyCFc90s
https://portalinmobiliario.com/MLC-2808048152-1256-laguna-petrel-n1503-mirador-de-volcanes-_JM#polycard_client=search-nordic&position=32&search_layout=grid&type=item&tracking_id=72a87fda-b3af-4ae5-828c-02e55637169e,"1256 - Laguna Petrel N°1503, Mirador De Volcanes","Calle Laguna Petrel 1503, Puerto Montt, Puerto Montt, Los Lagos",$,500000,Casas,Arriendo,500000.0,"Calle Laguna Petrel 1503, Puerto Montt, Puerto Montt, Los Lagos",-41.4889192,-73.0068804,EjhDYWxsZSBMYWd1bmEgUGV0cmVsIDE1MDMsIFB1ZXJ0byBNb250dCwgTG9zIExhZ29zLCBDaGlsZSIxEi8KFAoSCcfwKHRuPBiWEeJj7_LIjJlEEN8LKhQKEglfAx90bjwYlhHICMfUSEm7nA
https://portalinmobiliario.com/MLC-2778856962-1426-alanqueo-n4674-santuario-de-la-laguna-valle-volcan-_JM#polycard_client=search-nordic&position=33&search_layout=grid&type=item&tracking_id=72a87fda-b3af-4ae5-828c-02e55637169e,"1426 - Alanqueo N°4674, Santuario De La Laguna, Valle Volcan","Volcán Michimavida 286, La Paloma, Puerto Montt, Los Lagos",$,550000,Casas,Arriendo,550000.0,"Volcán Michimavida 286, La Paloma, Puerto Montt, Los Lagos",-41.4589892,-72.9115546,ChIJY7DVE4g6GJYRZrDgvSaZL8I
https://portalinmobiliario.com/MLC-2789119148-1416-psj-bosque-de-robles-n1489-bosquemar-_JM#polycard_client=search-nordic&position=34&search_layout=grid&type=item&tracking_id=72a87fda-b3af-4ae5-828c-02e55637169e,"1416 - Psj. Bosque De Robles N°1489, Bosquemar","C. Costa Tenglo 1754, Puerto Montt, Los Lagos",$,590000,Casas,Arriendo,590000.0,"C. Costa Tenglo 1754, Puerto Montt, Los Lagos",-41.4919739,-73.0011054,ChIJf3w8PHM8GJYRNqEIg2Q4iOU
https://portalinmobiliario.com/MLC-2789079280-1091-ruta-pargua-km-14-cruce-diaz-sector-trapen-_JM#polycard_client=search-nordic&position=35&search_layout=grid&type=item&tracking_id=72a87fda-b3af-4ae5-828c-02e55637169e,"1091 - Ruta Pargua Km 14, Cruce Díaz Sector Trapen","Crp2+42 Calbuco, Chile, Puerto Montt, Los Lagos",$,470000,Casas,Arriendo,470000.0,"Crp2+42 Calbuco, Chile, Puerto Montt, Los Lagos",-41.7720156,-73.1327093,ChIJq1ntEPBCGJYRJLxxmvPDC-s
https://portalinmobiliario.com/MLC-2823841776-se-arrienda-casa-en-puerto-montt-67516-_JM#polycard_client=search-nordic&position=36&search_layout=grid&type=item&tracking_id=72a87fda-b3af-4ae5-828c-02e55637169e,Se Arrienda Casa En Puerto Montt (67516),"Se Arrienda Casa En Puerto Montt, Puerto Montt, Los Lagos",$,500000,Casas,Arriendo,500000.0,"Se Arrienda Casa En Puerto Montt, Puerto Montt, Los Lagos",-41.4693622,-72.94244050000002,ChIJB_QgaU06GJYR38mleVrxo4Y
https://portalinmobiliario.com/MLC-1565356649-comoda-casa-en-arriendo-en-sector-altavista-puert-_JM#polycard_client=search-nordic&position=37&search_layout=grid&type=item&tracking_id=72a87fda-b3af-4ae5-828c-02e55637169e,"Cómoda Casa En Arriendo En Sector Altavista, Puert...","Puerto Montt, Puerto Montt, Los Lagos",$,730000,Casas,Arriendo,730000.0,"Puerto Montt, Puerto Montt, Los Lagos",-41.4693622,-72.94244050000002,ChIJB_QgaU06GJYR38mleVrxo4Y
https://portalinmobiliario.com/MLC-2828348926-carretera-austral-km-11-en-arriendo-casa-con-herm-_JM#polycard_client=search-nordic&position=38&search_layout=grid&type=item&tracking_id=72a87fda-b3af-4ae5-828c-02e55637169e,"Carretera Austral Km 11, En Arriendo Casa Con Herm...","Puerto Montt, Puerto Montt, Los Lagos",$,730000,Casas,Arriendo,730000.0,"Puerto Montt, Puerto Montt, Los Lagos",-41.4693622,-72.94244050000002,ChIJB_QgaU06GJYR38mleVrxo4Y
https://portalinmobiliario.com/MLC-1567344989-arrienda-ano-corrido-comoda-y-segura-casa-jardin-_JM#polycard_client=search-nordic&position=39&search_layout=grid&type=item&tracking_id=72a87fda-b3af-4ae5-828c-02e55637169e,"Arrienda Año Corrido, Cómoda Y Segura Casa, Jardin.","G52p+gf Chamiza, Puerto Montt, Chile, Puerto Montt, Los Lagos",$,390000,Casas,Arriendo,390000.0,"G52p+gf Chamiza, Puerto Montt, Chile, Puerto Montt, Los Lagos",-41.4986875,-72.8138125,EidHNTJQK0dGLCBQdWVydG8gTW9udHQsIExvcyBMYWdvcywgQ2hpbGUiJjokCgoNhc1D5xVzfpnUEAoaFAoSCQf0IGlNOhiWEd_JpXla8aOG
https://portalinmobiliario.com/MLC-1566837883-se-arrienda-casa-3-dormitorios-chaqueihua-trapen-pto-montt-_JM#polycard_client=search-nordic&position=40&search_layout=grid&type=item&tracking_id=72a87fda-b3af-4ae5-828c-02e55637169e,"Se Arrienda Casa, 3 Dormitorios, Chaqueihua Trapen Pto Montt","Gv84+6w, San Antonio, Puerto Montt, Puerto Montt, Los Lagos",UF,1850,Casas,Arriendo,71112113.0,"Gv84+6w, San Antonio, Puerto Montt, Puerto Montt, Los Lagos",-41.4844375,-73.1426875,EjRHVjg0KzZXLCBTYW4gQW50b25pbywgUHVlcnRvIE1vbnR0LCBMb3MgTGFnb3MsIENoaWxlIiY6JAoKDSn6RecVxU9n1BAKGhQKEglBlxaeYj0YlhG8uRGlR94zog
https://portalinmobiliario.com/MLC-1566858395-se-vende-casa-3-dormitorios-la-colonia-alerce-pto-montt-_JM#polycard_client=search-nordic&position=41&search_layout=grid&type=item&tracking_id=72a87fda-b3af-4ae5-828c-02e55637169e,"Se Vende Casa, 3 Dormitorios, La Colonia, Alerce, Pto Montt.","Col. Alerce, Alerce, Puerto Montt, Puerto Montt, Los Lagos",UF,1560,Casas,Arriendo,59964808.800000004,"Col. Alerce, Alerce, Puerto Montt, Puerto Montt, Los Lagos",-41.383333,-72.8833329,ChIJY8ibmpsvGJYRJvRBgGawWsI
https://portalinmobiliario.com/MLC-1562258205-amplia-casa-en-un-sector-tranquilo-y-familiar-_JM#polycard_client=search-nordic&position=42&search_layout=grid&type=item&tracking_id=72a87fda-b3af-4ae5-828c-02e55637169e,Amplia Casa En Un Sector Tranquilo Y Familiar,"Mirasol de Puerto Montt, Puerto Montt, Los Lagos",$,600000,Casas,Arriendo,600000.0,"Mirasol de Puerto Montt, Puerto Montt, Los Lagos",-41.4814322,-72.97075579999999,ChIJY-1OMZY7GJYRxlwiNrEavRY
https://portalinmobiliario.com/MLC-1566869075-se-arrienda-casa-en-puerto-montt-_JM#polycard_client=search-nordic&position=43&search_layout=grid&type=item&tracking_id=72a87fda-b3af-4ae5-828c-02e55637169e,Se Arrienda Casa En Puerto Montt,"Alonqueo 4599, Puerto Montt, Los Lagos, Chile, Puerto Montt, Los Lagos",UF,1950,Casas,Arriendo,74956011.0,"Alonqueo 4599, Puerto Montt, Los Lagos, Chile, Puerto Montt, Los Lagos",-41.46338859999999,-72.8933182,ChIJ9bX3JHkxGJYR74L0fUeypSA
https://portalinmobiliario.com/MLC-2802199312-hermosa-casa-en-condominio-colina-la-vara-69655-_JM#polycard_client=search-nordic&position=44&search_layout=grid&type=item&tracking_id=72a87fda-b3af-4ae5-828c-02e55637169e,Hermosa Casa En Condominio Colina La Vara (69655),"Hermosa Casa En Condominio Colina La Vara, Puerto Montt, Los Lagos",$,720000,Casas,Arriendo,720000.0,"Hermosa Casa En Condominio Colina La Vara, Puerto Montt, Los Lagos",-41.426194,-72.91166199999999,ChIJAY9M8bE6GJYRf-HmHTfooNg
https://portalinmobiliario.com/MLC-2823622392-casa-en-condominio-caburgua-valle-violcanes-_JM#polycard_client=search-nordic&position=45&search_layout=grid&type=item&tracking_id=72a87fda-b3af-4ae5-828c-02e55637169e,Casa En Condominio Caburgua Valle Violcanes,"C. Volcán Choshuenco 5100, Puerto Montt, La Paloma, Puerto Montt, Los Lagos",$,950000,Casas,Arriendo,950000.0,"C. Volcán Choshuenco 5100, Puerto Montt, La Paloma, Puerto Montt, Los Lagos",-41.4551587,-72.9046221,EjpDLiBWb2xjw6FuIENob3NodWVuY28gNTEwMCwgUHVlcnRvIE1vbnR0LCBMb3MgTGFnb3MsIENoaWxlIjESLwoUChIJc7-ntoY6GJYRY5hss_UXjj8Q7CcqFAoSCV9qwg9_OhiWEbioDHPcrsF2
https://portalinmobiliario.com/MLC-1556482041-casa-de-dos-dormitorios-en-valle-volcanes-_JM#polycard_client=search-nordic&position=46&search_layout=grid&type=item&tracking_id=72a87fda-b3af-4ae5-828c-02e55637169e,Casa De Dos Dormitorios En Valle Volcanes,"Pasaje Laguna Escondida, Puerto Montt, Puerto Montt, Los Lagos",$,660000,Casas,Arriendo,660000.0,"Pasaje Laguna Escondida, Puerto Montt, Puerto Montt, Los Lagos",-41.4591279,-72.9000287,EjdQYXNhamUgTGFndW5hIEVzY29uZGlkYSwgUHVlcnRvIE1vbnR0LCBMb3MgTGFnb3MsIENoaWxlIi4qLAoUChIJtZf25n86GJYRKPmkfyIwiGASFAoSCQf0IGlNOhiWEd_JpXla8aOG
https://portalinmobiliario.com/MLC-2811647220-casa-en-arriendo-de-3-dorm-en-puerto-montt-_JM#polycard_client=search-nordic&position=47&search_layout=grid&type=item&tracking_id=72a87fda-b3af-4ae5-828c-02e55637169e,Casa En Arriendo De 3 Dorm. En Puerto Montt,"Condominio Fundo Las Marcas, Puerto Montt, Los Lagos",$,1200000,Casas,Arriendo,1200000.0,"Condominio Fundo Las Marcas, Puerto Montt, Los Lagos",-41.376689,-72.7543015,ChIJG6X-P3UtGJYRShoYUoWZz00
https://portalinmobiliario.com/MLC-2811608234-casa-en-arriendo-de-3-dorm-en-puerto-montt-_JM#polycard_client=search-nordic&position=48&search_layout=grid&type=item&tracking_id=72a87fda-b3af-4ae5-828c-02e55637169e,Casa En Arriendo De 3 Dorm. En Puerto Montt,"Condominio Fundo Las Marcas, Puerto Montt, Los Lagos",$,1000000,Casas,Arriendo,1000000.0,"Condominio Fundo Las Marcas, Puerto Montt, Los Lagos",-41.376689,-72.7543015,ChIJG6X-P3UtGJYRShoYUoWZz00
https://portalinmobiliario.com/MLC-2827052886-casa-en-arriendo-de-3-dorm-en-puerto-montt-_JM#polycard_client=search-nordic&position=1&search_layout=grid&type=item&tracking_id=fe63e428-d3e4-41e4-8377-399a24ac03cb,Casa En Arriendo De 3 Dorm. En Puerto Montt,"Casa En Arriendo De 3 Dorm. En Puerto Montt, Mirasol de Puerto Montt, Puerto Montt, Los Lagos",$,590000,Casas,Arriendo,590000.0,"Casa En Arriendo De 3 Dorm. En Puerto Montt, Mirasol de Puerto Montt, Puerto Montt, Los Lagos",-41.4814322,-72.97075579999999,ChIJY-1OMZY7GJYRxlwiNrEavRY
https://portalinmobiliario.com/MLC-1557774581-cabana-1-ambiente-a-30-km-de-puerto-montt-_JM#polycard_client=search-nordic&position=2&search_layout=grid&type=item&tracking_id=fe63e428-d3e4-41e4-8377-399a24ac03cb,Cabaña 1 Ambiente A 30 Km De Puerto Montt.,"Cabaña 1 Ambiente Puente La Goleta, Puerto Montt, Los Lagos",$,280000,Casas,Arriendo,280000.0,"Cabaña 1 Ambiente Puente La Goleta, Puerto Montt, Los Lagos",-41.5499718,-73.1595792,ChIJu67ULAQVGJYRs4kMViCe_o4
https://portalinmobiliario.com/MLC-2826154326-casa-en-arriendo-de-3-dorm-en-cardenal-puerto-montt-_JM#polycard_client=search-nordic&position=3&search_layout=grid&type=item&tracking_id=fe63e428-d3e4-41e4-8377-399a24ac03cb,Casa En Arriendo De 3 Dorm. En Cardenal Puerto Montt,"Jardin Del Mar Cardonal, Puerto Montt, Los Lagos",$,600000,Casas,Arriendo,600000.0,"Jardin Del Mar Cardonal, Puerto Montt, Los Lagos",-41.4704041,-72.973229,ChIJp3vjfs07GJYRMPscqQZ4N4Y
https://portalinmobiliario.com/MLC-1564974003-barrio-tranquilo-cercano-a-servicios-comerciales-_JM#polycard_client=search-nordic&position=4&search_layout=grid&type=item&tracking_id=fe63e428-d3e4-41e4-8377-399a24ac03cb,"Barrio Tranquilo, Cercano A Servicios Comerciales","Los Fiordos, Alerce, Puerto Varas, Alerces, Puerto Montt, Los Lagos",$,460000,Casas,Arriendo,460000.0,"Los Fiordos, Alerce, Puerto Varas, Alerces, Puerto Montt, Los Lagos",-41.4032745,-72.9161142,ChIJ60FKHkIlGJYRXbq-4zv_DkM
https://portalinmobiliario.com/MLC-1557777157-arriendo-bella-casa-mirador-de-la-bahia-puerto-montt-_JM#polycard_client=search-nordic&position=5&search_layout=grid&type=item&tracking_id=fe63e428-d3e4-41e4-8377-399a24ac03cb,"Arriendo! Bella Casa Mirador De La Bahía, Puerto Montt","Av. Austral, Puerto Montt, La Paloma, Puerto Montt, Los Lagos",UF,2635,Casas,Arriendo,101286712.30000001,"Av. Austral, Puerto Montt, La Paloma, Puerto Montt, Los Lagos",-41.4468119,-72.9296738,EitBdi4gQXVzdHJhbCwgUHVlcnRvIE1vbnR0LCBMb3MgTGFnb3MsIENoaWxlIi4qLAoUChIJCcfRpew6GJYRGNRcgvd-eDcSFAoSCQf0IGlNOhiWEd_JpXla8aOG
https://portalinmobiliario.com/MLC-2797037058-casa-tipo-townhouse-en-sector-dos-esteros-pelluco-_JM#polycard_client=search-nordic&position=6&search_layout=grid&type=item&tracking_id=fe63e428-d3e4-41e4-8377-399a24ac03cb,Casa Tipo Townhouse En Sector Dos Esteros Pelluco,"Frente Al Colegio San Javier Pelluco Alto, Puerto Montt, Los Lagos",$,950000,Casas,Arriendo,950000.0,"Frente Al Colegio San Javier Pelluco Alto, Puerto Montt, Los Lagos",-41.48571279999999,-72.89027469999999,ChIJdUnbhqUwGJYR2T9tCw0tpgI
https://portalinmobiliario.com/MLC-1558949965-casa-en-arriendo-de-4-dorm-en-puerto-montt-_JM#polycard_client=search-nordic&position=7&search_layout=grid&type=item&tracking_id=fe63e428-d3e4-41e4-8377-399a24ac03cb,Casa En Arriendo De 4 Dorm. En Puerto Montt,"Condominio Gran Lagunitas, Puerto Montt, Los Lagos",$,1050000,Casas,Arriendo,1050000.0,"Condominio Gran Lagunitas, Puerto Montt, Los Lagos",-41.4361189,-73.04372169999999,ChIJY236lKEjGJYRJGaAXae5pAE
https://portalinmobiliario.com/MLC-1565983015-se-arriendan-preciosa-casa-3d1b-costa-chinquio-pto-montt-_JM#polycard_client=search-nordic&position=8&search_layout=grid&type=item&tracking_id=fe63e428-d3e4-41e4-8377-399a24ac03cb,"Se Arriendan Preciosa Casa 3d/1b Costa Chinquio, Pto Montt","Se Arriendan Preciosa Casa 3d/1b Costa Chinquio, Pto Montt, Puerto Montt, Los Lagos",$,420000,Casas,Arriendo,420000.0,"Se Arriendan Preciosa Casa 3d/1b Costa Chinquio, Pto Montt, Puerto Montt, Los Lagos",-41.4711436,-72.9386356,ChIJncUHC1E6GJYRoy4B8xFbbKg
https://portalinmobiliario.com/MLC-2808796448-hermosa-casa-en-comdominio-_JM#polycard_client=search-nordic&position=9&search_layout=grid&type=item&tracking_id=fe63e428-d3e4-41e4-8377-399a24ac03cb,Hermosa Casa En Comdominio,"Valle Volcanes, Puerto Montt, La Paloma, Puerto Montt, Los Lagos",$,950000,Casas,Arriendo,950000.0,"Valle Volcanes, Puerto Montt, La Paloma, Puerto Montt, Los Lagos",-41.4608148,-72.9229137,ChIJ5ceoOfU6GJYR340PTG_L-0A
https://portalinmobiliario.com/MLC-1557721753-bella-casa-esquina-santuario-la-laguna-valle-volcanes-_JM#polycard_client=search-nordic&position=10&search_layout=grid&type=item&tracking_id=fe63e428-d3e4-41e4-8377-399a24ac03cb,"Bella Casa Esquina, Santuario La Laguna, Valle Volcanes","Valle Volcanes, Puerto Montt, La Paloma, Puerto Montt, Los Lagos",UF,20,Casas,Arriendo,768779.6000000001,"Valle Volcanes, Puerto Montt, La Paloma, Puerto Montt, Los Lagos",-41.4608148,-72.9229137,ChIJ5ceoOfU6GJYR340PTG_L-0A
https://portalinmobiliario.com/MLC-2807073678-casa-dos-esteros-arriendo-3-dorm-en-puerto-montt-_JM#polycard_client=search-nordic&position=11&search_layout=grid&type=item&tracking_id=fe63e428-d3e4-41e4-8377-399a24ac03cb,Casa Dos Esteros Arriendo 3 Dorm. En Puerto Montt,"Avenida Dos Esteros, Los Esteros De Pelluco Alto, Alerces, Puerto Montt, Los Lagos",$,1150000,Casas,Arriendo,1150000.0,"Avenida Dos Esteros, Los Esteros De Pelluco Alto, Alerces, Puerto Montt, Los Lagos",-41.4822678,-72.8894282,ChIJKdnpMaQwGJYRlYFjL8A5sWY
https://portalinmobiliario.com/MLC-1565276113-casa-en-arriendo-de-3-dorm-en-puerto-montt-_JM#polycard_client=search-nordic&position=12&search_layout=grid&type=item&tracking_id=fe63e428-d3e4-41e4-8377-399a24ac03cb,Casa En Arriendo De 3 Dorm. En Puerto Montt,"Los Notros, Puerto Montt, Los Lagos",$,600000,Casas,Arriendo,600000.0,"Los Notros, Puerto Montt, Los Lagos",-41.4809838,-72.9819449,Ei5Bdi4gTG9zIE5vdHJvcywgUHVlcnRvIE1vbnR0LCBMb3MgTGFnb3MsIENoaWxlIi4qLAoUChIJWxsRT5c7GJYRqQBTsmDRj7ISFAoSCQf0IGlNOhiWEd_JpXla8aOG
https://portalinmobiliario.com/MLC-1559639129-casa-en-arriendo-de-3-dorm-en-puerto-montt-_JM#polycard_client=search-nordic&position=13&search_layout=grid&type=item&tracking_id=fe63e428-d3e4-41e4-8377-399a24ac03cb,Casa En Arriendo De 3 Dorm. En Puerto Montt,"Condominio Villa Tepual, Puerto Montt, Los Lagos",$,440000,Casas,Arriendo,440000.0,"Condominio Villa Tepual, Puerto Montt, Los Lagos",-41.4566266,-72.9939934,ChIJCWQeqtA9GJYRHnq4B8ADC6s
https://portalinmobiliario.com/MLC-1557816831-cabana-en-parcelacion-en-puerto-montt-69556-_JM#polycard_client=search-nordic&position=14&search_layout=grid&type=item&tracking_id=fe63e428-d3e4-41e4-8377-399a24ac03cb,Cabaña En Parcelación En Puerto Montt (69556),"Cabaña En Parcelación En Puerto Montt, Puerto Montt, Los Lagos",$,550000,Casas,Arriendo,550000.0,"Cabaña En Parcelación En Puerto Montt, Puerto Montt, Los Lagos",-41.4693622,-72.94244050000002,ChIJB_QgaU06GJYR38mleVrxo4Y
https://portalinmobiliario.com/MLC-1564945645-casa-frente-a-parques-75125-_JM#polycard_client=search-nordic&position=15&search_layout=grid&type=item&tracking_id=fe63e428-d3e4-41e4-8377-399a24ac03cb,Casa Frente A Parques (75125),"3d2bhermosacasa, Puerto Montt, Los Lagos",$,700000,Casas,Arriendo,700000.0,"3d2bhermosacasa, Puerto Montt, Los Lagos",-41.4693622,-72.94244050000002,ChIJB_QgaU06GJYR38mleVrxo4Y
https://portalinmobiliario.com/MLC-2825356312-casa-en-arriendo-en-puerto-montt-_JM#polycard_client=search-nordic&position=16&search_layout=grid&type=item&tracking_id=fe63e428-d3e4-41e4-8377-399a24ac03cb,Casa En Arriendo En Puerto Montt,"Portal De Sur, Puerto Montt, Los Lagos",$,400000,Casas,Arriendo,400000.0,"Portal De Sur, Puerto Montt, Los Lagos",-41.4785951,-72.9632904,ChIJf76hQrs7GJYRi_HFeZty9Us
https://portalinmobiliario.com/MLC-2821060026-valle-volcanes-puerto-montt-_JM#polycard_client=search-nordic&position=17&search_layout=grid&type=item&tracking_id=fe63e428-d3e4-41e4-8377-399a24ac03cb,Valle Volcanes Puerto Montt,"Painemilla 5041, La Paloma, Puerto Montt, Los Lagos",$,510000,Casas,Arriendo,510000.0,"Painemilla 5041, La Paloma, Puerto Montt, Los Lagos",-41.459619,-72.9006658,ChIJG6EruX86GJYR22yDbnybjmc
https://portalinmobiliario.com/MLC-2789027816-892-4-lagunas-n4687-santuario-de-la-laguna-_JM#polycard_client=search-nordic&position=18&search_layout=grid&type=item&tracking_id=fe63e428-d3e4-41e4-8377-399a24ac03cb,"892 - 4 Lagunas Nº4687, Santuario De La Laguna","Calle Cuatro Lagunas 4687, Puerto Montt, Chile, Puerto Montt, Los Lagos",$,650000,Casas,Arriendo,650000.0,"Calle Cuatro Lagunas 4687, Puerto Montt, Chile, Puerto Montt, Los Lagos",-41.4624318,-72.89690329999999,ChIJvaaWiYEwGJYROgQsd4hpnOg
https://portalinmobiliario.com/MLC-2789027862-1150-4-lagunas-n4672-santuario-de-la-laguna-valle-volca-_JM#polycard_client=search-nordic&position=19&search_layout=grid&type=item&tracking_id=fe63e428-d3e4-41e4-8377-399a24ac03cb,"1150 - 4 Lagunas N°4672, Santuario De La Laguna, Valle Volca","Calle Cuatro Lagunas 4672, Puerto Montt, Chile, Puerto Montt, Los Lagos",$,680000,Casas,Arriendo,680000.0,"Calle Cuatro Lagunas 4672, Puerto Montt, Chile, Puerto Montt, Los Lagos",-41.4621522,-72.8955074,ChIJ1dKFfoEwGJYRXHlIZeSI29I
https://portalinmobiliario.com/MLC-1554245289-1436-via-bizet-e13-condominio-miradores-de-panitao-_JM#polycard_client=search-nordic&position=20&search_layout=grid&type=item&tracking_id=fe63e428-d3e4-41e4-8377-399a24ac03cb,"1436 - Vía Bizet E13, Condominio Miradores De Panitao","Vía Bizet, Puerto Montt, Puerto Montt, Los Lagos",$,700000,Casas,Arriendo,700000.0,"Vía Bizet, Puerto Montt, Puerto Montt, Los Lagos",-41.5368337,-73.0478246,ChIJz82_IWc-GJYRnVaZKW1Vw2c
https://portalinmobiliario.com/MLC-2789066852-1278-calbuco-n347-sector-centro-_JM#polycard_client=search-nordic&position=21&search_layout=grid&type=item&tracking_id=fe63e428-d3e4-41e4-8377-399a24ac03cb,"1278 - Calbuco N°347, Sector Centro","Calbuco 347, Puerto Montt, Chile, Ebensperger - Chorrillos, Puerto Montt, Los Lagos",$,1100000,Casas,Arriendo,1100000.0,"Calbuco 347, Puerto Montt, Chile, Ebensperger - Chorrillos, Puerto Montt, Los Lagos",-41.472037,-72.954595,ChIJCxcb2a47GJYReTKI1as0rcM
https://portalinmobiliario.com/MLC-1567613145-1269-av-austral-n1340-c-36-condominio-reserva-mirador-_JM#polycard_client=search-nordic&position=22&search_layout=grid&type=item&tracking_id=fe63e428-d3e4-41e4-8377-399a24ac03cb,"1269 - Av. Austral N°1340, C-36, Condominio Reserva Mirador","Condominio Reserva Mirador, Puerto Montt, Los Lagos",$,900000,Casas,Arriendo,900000.0,"Condominio Reserva Mirador, Puerto Montt, Los Lagos",-41.4706456,-72.9584646,ChIJvxpihKg7GJYR2HuEgja2IBo
https://portalinmobiliario.com/MLC-2789027238-1437-lago-de-huesca-n-1977-jardin-oriente-_JM#polycard_client=search-nordic&position=23&search_layout=grid&type=item&tracking_id=fe63e428-d3e4-41e4-8377-399a24ac03cb,"1437 - Lago De Huesca Nº 1977, Jardín Oriente","Lago Huesca 1977, La Paloma, Puerto Montt, Los Lagos",$,600000,Casas,Arriendo,600000.0,"Lago Huesca 1977, La Paloma, Puerto Montt, Los Lagos",-41.445903,-72.932833,ChIJ28AXZ-g6GJYR648lSY8IwGI
https://portalinmobiliario.com/MLC-1560221665-1077-quitrahue-n4724-santuario-de-la-laguna-valle-volca-_JM#polycard_client=search-nordic&position=24&search_layout=grid&type=item&tracking_id=fe63e428-d3e4-41e4-8377-399a24ac03cb,"1077 - Quitrahue N°4724, Santuario De La Laguna, Valle Volca","Quitrahue 4724, Puerto Montt, Puerto Montt, Los Lagos",$,625000,Casas,Arriendo,625000.0,"Quitrahue 4724, Puerto Montt, Puerto Montt, Los Lagos",-41.46163749999999,-72.90546069999999,ChIJadBzMnw6GJYRoLh9s4DJ6zQ
https://portalinmobiliario.com/MLC-2789066234-911-isla-caullahuapi-259-portal-del-sur-panitao-_JM#polycard_client=search-nordic&position=25&search_layout=grid&type=item&tracking_id=fe63e428-d3e4-41e4-8377-399a24ac03cb,"911 - Isla Caullahuapi 259, Portal Del Sur, Panitao","Isla Caullahuapi 259, Puerto Montt, Chile, Puerto Montt, Los Lagos",$,420000,Casas,Arriendo,420000.0,"Isla Caullahuapi 259, Puerto Montt, Chile, Puerto Montt, Los Lagos",-41.5270786,-73.0525266,ChIJRzaZfno-GJYRV5isMwnRtUk
https://portalinmobiliario.com/MLC-1560605275-1445-av-austral-n1250-casa-44-condominio-aires-del-sur-_JM#polycard_client=search-nordic&position=26&search_layout=grid&type=item&tracking_id=fe63e428-d3e4-41e4-8377-399a24ac03cb,"1445 - Av. Austral N°1250, Casa 44, Condominio Aires Del Sur","Av. Austral 1250, Puerto Montt, Puerto Montt, Los Lagos",$,750000,Casas,Arriendo,750000.0,"Av. Austral 1250, Puerto Montt, Puerto Montt, Los Lagos",-41.4444905,-72.9461835,ChIJRTMwdSA7GJYR56j3OO-FQIg
https://portalinmobiliario.com/MLC-1563906657-1102-migmatita-n5791-mirador-del-sol-_JM#polycard_client=search-nordic&position=27&search_layout=grid&type=item&tracking_id=fe63e428-d3e4-41e4-8377-399a24ac03cb,"1102 - Migmatita N°5791, Mirador Del Sol","Migmatita 5791, Puerto Montt, Los Lagos",$,405000,Casas,Arriendo,405000.0,"Migmatita 5791, Puerto Montt, Los Lagos",-41.4560028,-72.989549,ChIJk9JPbWE7GJYR6ZK4Kjp4rkE
https://portalinmobiliario.com/MLC-2801327608-casa-en-arriendo-en-puerto-montt-_JM#polycard_client=search-nordic&position=28&search_layout=grid&type=item&tracking_id=fe63e428-d3e4-41e4-8377-399a24ac03cb,Casa En Arriendo En Puerto Montt,"Av Dos Esteros 46, Puerto Montt, Los Lagos",$,1100000,Casas,Arriendo,1100000.0,"Av Dos Esteros 46, Puerto Montt, Los Lagos",-41.4837882,-72.8904773,ChIJ43OIrqUwGJYR9oqgzC8vpzY
https://portalinmobiliario.com/MLC-2825246946-casa-en-arriendo-en-los-notros-bosque-mar-_JM#polycard_client=search-nordic&position=29&search_layout=grid&type=item&tracking_id=fe63e428-d3e4-41e4-8377-399a24ac03cb,"Casa En Arriendo, En Los Notros. Bosque Mar","Puerto Montt, Puerto Montt, Los Lagos",$,600000,Casas,Arriendo,600000.0,"Puerto Montt, Puerto Montt, Los Lagos",-41.4693622,-72.94244050000002,ChIJB_QgaU06GJYR38mleVrxo4Y
https://portalinmobiliario.com/MLC-2822938664-valle-volcanes-amplio-patio-_JM#polycard_client=search-nordic&position=30&search_layout=grid&type=item&tracking_id=fe63e428-d3e4-41e4-8377-399a24ac03cb,Valle Volcanes | Amplio Patio.,"Techo Para Todos, Puerto Montt, Los Lagos",$,660000,Casas,Arriendo,660000.0,"Techo Para Todos, Puerto Montt, Los Lagos",-41.46183,-72.964854,ChIJ28fQPQw7GJYRzVQCklXIIgQ
https://portalinmobiliario.com/MLC-1556759451-casa-en-arriendo-de-4d2b-en-valle-volcanes-puerto-montt-_JM#polycard_client=search-nordic&position=31&search_layout=grid&type=item&tracking_id=fe63e428-d3e4-41e4-8377-399a24ac03cb,Casa En Arriendo De 4d2b. En Valle Volcanes Puerto Montt,"Valle Volcanes, La Paloma, Puerto Montt, Los Lagos",UF,2879,Casas,Arriendo,110665823.42,"Valle Volcanes, La Paloma, Puerto Montt, Los Lagos",-41.4517884,-72.90819139999999,ChIJCX0pPIU6GJYRRsXgcaz33MI
https://portalinmobiliario.com/MLC-2807048830-casa-en-arriendo-de-3d-3b-en-altos-de-mackenna-puerto-montt-_JM#polycard_client=search-nordic&position=32&search_layout=grid&type=item&tracking_id=fe63e428-d3e4-41e4-8377-399a24ac03cb,Casa En Arriendo De 3d 3b En Altos De Mackenna Puerto Montt,"Alto Mackenna, Mirasol de Puerto Montt, Puerto Montt, Los Lagos",UF,1509,Casas,Arriendo,58004420.82000001,"Alto Mackenna, Mirasol de Puerto Montt, Puerto Montt, Los Lagos",-41.4715479,-72.9821866,ChIJ-1IwsoI7GJYR9RiDAy6mt2s
https://portalinmobiliario.com/MLC-2817578414-casa-en-arriendo-de-3-dorm-en-puerto-montt-_JM#polycard_client=search-nordic&position=33&search_layout=grid&type=item&tracking_id=fe63e428-d3e4-41e4-8377-399a24ac03cb,Casa En Arriendo De 3 Dorm. En Puerto Montt,"Jardines Del Mirador, Mirasol de Puerto Montt, Puerto Montt, Los Lagos",$,600000,Casas,Arriendo,600000.0,"Jardines Del Mirador, Mirasol de Puerto Montt, Puerto Montt, Los Lagos",-41.48408879999999,-72.9800796,ChIJu1dDieg7GJYRRsYYApzRaXM
https://portalinmobiliario.com/MLC-2827059402-se-arrienda-hermosa-cabana-completamente-equipada-2d1b-con-_JM#polycard_client=search-nordic&position=34&search_layout=grid&type=item&tracking_id=fe63e428-d3e4-41e4-8377-399a24ac03cb,Se Arrienda Hermosa Cabaña Completamente Equipada 2d/1b Con,"Costa Chinquihue Alto, rural-urbana, Puerto Montt, Los Lagos",$,450000,Casas,Arriendo,450000.0,"Costa Chinquihue Alto, rural-urbana, Puerto Montt, Los Lagos",-41.5247077,-73.05031699999999,ChIJwYWxpow_GJYRbC-KTMSxStE
https://portalinmobiliario.com/MLC-2823764574-casa-en-arriendo-de-4-dorm-en-puerto-montt-_JM#polycard_client=search-nordic&position=35&search_layout=grid&type=item&tracking_id=fe63e428-d3e4-41e4-8377-399a24ac03cb,Casa En Arriendo De 4 Dorm. En Puerto Montt,"Casa Con Vista Al Mar, Piedra Azul, Puerto Montt, Los Lagos",$,900000,Casas,Arriendo,900000.0,"Casa Con Vista Al Mar, Piedra Azul, Puerto Montt, Los Lagos",-41.5055641,-72.7542869,ChIJF9DlkT41GJYRNzj86JzKfeI
https://portalinmobiliario.com/MLC-1558909989-casa-en-avenida-los-notros-en-puerto-montt-_JM#polycard_client=search-nordic&position=36&search_layout=grid&type=item&tracking_id=fe63e428-d3e4-41e4-8377-399a24ac03cb,Casa En Avenida Los Notros En Puerto Montt,"Avenida Los Notros, Mirasol de Puerto Montt, Puerto Montt, Los Lagos",$,580000,Casas,Arriendo,580000.0,"Avenida Los Notros, Mirasol de Puerto Montt, Puerto Montt, Los Lagos",-41.4835296,-72.9921551,Ei5Bdi4gTG9zIE5vdHJvcywgUHVlcnRvIE1vbnR0LCBMb3MgTGFnb3MsIENoaWxlIi4qLAoUChIJWxsRT5c7GJYRqQBTsmDRj7ISFAoSCWPtTjGWOxiWEcZcIjaxGr0W
https://portalinmobiliario.com/MLC-1565300611-casa-en-arriendo-2d-y-2b-a-pocos-minutos-de-puerto-montt-_JM#polycard_client=search-nordic&position=37&search_layout=grid&type=item&tracking_id=fe63e428-d3e4-41e4-8377-399a24ac03cb,Casa En Arriendo 2d Y 2b A Pocos Minutos De Puerto Montt,"Kilometro 12 De La Carretera Austral, Puerto Montt, Los Lagos",$,730000,Casas,Arriendo,730000.0,"Kilometro 12 De La Carretera Austral, Puerto Montt, Los Lagos",-41.4728669,-72.9375858,EjBDYXJyLiBBdXN0cmFsIDEyLCBQdWVydG8gTW9udHQsIExvcyBMYWdvcywgQ2hpbGUiMBIuChQKEgnTEzjPUToYlhHCVplMgEVMsBAMKhQKEgkFgNFnsjsYlhEjbSKRJo_VQA
https://portalinmobiliario.com/MLC-2803447168-casa-en-arriendo-de-3d-y-2b-en-valle-volcanes-puerto-montt-_JM#polycard_client=search-nordic&position=38&search_layout=grid&type=item&tracking_id=fe63e428-d3e4-41e4-8377-399a24ac03cb,"Casa En Arriendo De 3d Y 2b En Valle Volcanes, Puerto Montt","Valle Volcanes, Puerto Montt, Los Lagos",UF,17,Casas,Arriendo,653462.66,"Valle Volcanes, Puerto Montt, Los Lagos",-41.4571932,-72.90897939999999,ChIJASlTRoY6GJYRRJa0ymHWJCI
https://portalinmobiliario.com/MLC-2804103804-se-arrienda-casa-4-dormitorios-en-puerto-monnt-_JM#polycard_client=search-nordic&position=39&search_layout=grid&type=item&tracking_id=fe63e428-d3e4-41e4-8377-399a24ac03cb,Se Arrienda Casa 4 Dormitorios En Puerto Monnt,"Calle Llanten 2101, 1800 - 2100, Puerto Montt, Los Lagos",$,890000,Casas,Arriendo,890000.0,"Calle Llanten 2101, 1950, Puerto Montt, Los Lagos",-41.443635,-72.93993499999999,EjtMbGFudMOpbiAyMTAxLCAxOTUwLCA1NTA1NjQxIFB1ZXJ0byBNb250dCwgTG9zIExhZ29zLCBDaGlsZSIgGh4KFgoUChIJ8b8s6906GJYRRrx-enrSwfQSBDE5NTA
https://portalinmobiliario.com/MLC-1565865625-casa-en-sector-residencial-con-excelente-conectividad-_JM#polycard_client=search-nordic&position=40&search_layout=grid&type=item&tracking_id=fe63e428-d3e4-41e4-8377-399a24ac03cb,Casa En Sector Residencial Con Excelente Conectividad,"Volcán Copahue 1800 - 2100, Puerto Montt, La Paloma, Puerto Montt, Los Lagos",$,600000,Casas,Arriendo,600000.0,"Volcán Copahue 1950, Puerto Montt, La Paloma, Puerto Montt, Los Lagos",-41.4534598,-72.9284696,ChIJrUaf5fE6GJYRYJhRcfHty8M
https://portalinmobiliario.com/MLC-1564263135-casa-nueva-ubicada-en-parcelacion-a-minutos-de-puerto-montt-_JM#polycard_client=search-nordic&position=41&search_layout=grid&type=item&tracking_id=fe63e428-d3e4-41e4-8377-399a24ac03cb,Casa Nueva Ubicada En Parcelación A Minutos De Puerto Montt,"Los Colonos 1 - 300, Puerto Montt, Los Lagos, Chile, Alerces, Puerto Montt, Los Lagos",$,550000,Casas,Arriendo,550000.0,"Los Colonos 150, Puerto Montt, Los Lagos, Chile, Alerces, Puerto Montt, Los Lagos",-41.42812869999999,-72.9000792,Ei9Mb3MgQ29sb25vcyAxNTAsIFB1ZXJ0byBNb250dCwgTG9zIExhZ29zLCBDaGlsZSIxEi8KFAoSCQUJYWaoOhiWEdPnP0TxZZdfEJYBKhQKEgmnwbjOrzoYlhFMkB8wzOievw
https://portalinmobiliario.com/MLC-2793747734-casa-en-valle-volcanes-puerto-montt-_JM#polycard_client=search-nordic&position=42&search_layout=grid&type=item&tracking_id=fe63e428-d3e4-41e4-8377-399a24ac03cb,"Casa En Valle Volcanes, Puerto Montt","Valle Volcanes, Puerto Montt, La Paloma, Puerto Montt, Los Lagos",$,750000,Casas,Arriendo,750000.0,"Valle Volcanes, Puerto Montt, La Paloma, Puerto Montt, Los Lagos",-41.4608148,-72.9229137,ChIJ5ceoOfU6GJYR340PTG_L-0A
https://portalinmobiliario.com/MLC-1567396593-arriendo-casa-como-nueva-en-puerto-montt-_JM#polycard_client=search-nordic&position=43&search_layout=grid&type=item&tracking_id=fe63e428-d3e4-41e4-8377-399a24ac03cb,Arriendo Casa Como Nueva En Puerto Montt,"Costa Chinquio, 1 - 300, Puerto Montt, Los Lagos",$,420000,Casas,Arriendo,420000.0,"Costa Chinquio, 150, Puerto Montt, Los Lagos",-41.4623753,-72.955681,ChIJTQa-egY7GJYRlw3Tz6VXKo0
https://portalinmobiliario.com/MLC-1562175599-casa-a-pasos-del-centro-puerto-montt-_JM#polycard_client=search-nordic&position=44&search_layout=grid&type=item&tracking_id=fe63e428-d3e4-41e4-8377-399a24ac03cb,"Casa A Pasos Del Centro, Puerto Montt","Cauquenes Alto, Centro de Puerto Montt, Puerto Montt, Los Lagos",$,680000,Casas,Arriendo,680000.0,"Cauquenes Alto, Centro de Puerto Montt, Puerto Montt, Los Lagos",-41.4678511,-72.9449824,ChIJTzoA3lQ6GJYR2JgiDpZy2-c
https://portalinmobiliario.com/MLC-1564632981-departamento-1-dorm-monoambiente-condominio-valle-volcanes-_JM#polycard_client=search-nordic&position=45&search_layout=grid&type=item&tracking_id=fe63e428-d3e4-41e4-8377-399a24ac03cb,Departamento 1 Dorm Monoambiente. Condominio Valle Volcanes,"C. Intendente Aurelio Andrade 4688, Puerto Montt, Los Lagos, Chile, La Paloma, Puerto Montt, Los Lagos",$,269000,Casas,Arriendo,269000.0,"C. Intendente Aurelio Andrade 4688, Puerto Montt, Los Lagos, Chile, La Paloma, Puerto Montt, Los Lagos",-41.45820459999999,-72.91373519999999,ChIJE3b0rIk6GJYRvi91l0wsX7g
https://portalinmobiliario.com/MLC-1559387121-casa-familiar-en-sector-bosquemar-puerto-montt-_JM#polycard_client=search-nordic&position=46&search_layout=grid&type=item&tracking_id=fe63e428-d3e4-41e4-8377-399a24ac03cb,"Casa Familiar En Sector Bosquemar, Puerto Montt.","C. Margot Loyola Palacios 1589, Puerto Montt, Los Lagos, Chile, Puerto Montt, Los Lagos",$,650000,Casas,Arriendo,650000.0,"C. Margot Loyola Palacios 1589, Puerto Montt, Los Lagos, Chile, Puerto Montt, Los Lagos",-41.4903963,-73.00672399999999,ChIJk1xijwA9GJYRZzGRmxO7GZY
https://portalinmobiliario.com/MLC-1562808043-casa-3-dormitorios-1-bano-_JM#polycard_client=search-nordic&position=47&search_layout=grid&type=item&tracking_id=fe63e428-d3e4-41e4-8377-399a24ac03cb,Casa 3 Dormitorios 1 Baño,"Av. Los Robles 1540, 5506731 Llanquihue, Puerto Montt, Los Lagos, Chile, Puerto Montt, Los Lagos",$,600000,Casas,Arriendo,600000.0,"Av. Los Robles 1540, 5506731 Llanquihue, Puerto Montt, Los Lagos, Chile, Puerto Montt, Los Lagos",-41.47937,-72.99799999999999,ChIJ-06Va3k8GJYR6ENdALYn1vQ
https://portalinmobiliario.com/MLC-2826004254-se-arrienda-casa-habitacion-altos-de-mirasol-_JM#polycard_client=search-nordic&position=48&search_layout=grid&type=item&tracking_id=fe63e428-d3e4-41e4-8377-399a24ac03cb,Se Arrienda Casa Habitacion Altos De Mirasol,"Las Avestruces 1260, Puerto Montt, Mirasol de Puerto Montt, Puerto Montt, Los Lagos",$,420000,Casas,Arriendo,420000.0,"Las Avestruces 1260, Puerto Montt, Mirasol de Puerto Montt, Puerto Montt, Los Lagos",-41.4769684,-72.9899334,ChIJ75P104Y7GJYRH5vYhXSCMm8
https://portalinmobiliario.com/MLC-1562070391-casa-sector-bosquemar-puerto-montt-_JM#polycard_client=search-nordic&position=1&search_layout=grid&type=item&tracking_id=5695eca6-438d-4a3a-b2cb-845991c485d8,Casa Sector Bosquemar Puerto Montt,"Av. Los Robles 1475, Puerto Montt, Los Lagos",$,450000,Casas,Arriendo,450000.0,"Av. Los Robles 1475, Puerto Montt, Los Lagos",-41.4818654,-72.9963183,ChIJte1CzXk8GJYRhHmynRiYD_g
https://portalinmobiliario.com/MLC-1558684207-se-arrienda-casa-semi-amoblada-en-sector-brisas-de-chinquihu-_JM#polycard_client=search-nordic&position=2&search_layout=grid&type=item&tracking_id=5695eca6-438d-4a3a-b2cb-845991c485d8,Se Arrienda Casa Semi-amoblada En Sector Brisas De Chinquihu,"Francisco De Goya Sn, Chinquihue, Puerto Montt, Los Lagos",$,450000,Casas,Arriendo,450000.0,"Francisco De Goya Sn, Chinquihue, Puerto Montt, Los Lagos",-41.4626455,-72.9559983,ChIJIaIkEwY7GJYRVAHxgWSBoeE
https://portalinmobiliario.com/MLC-2825900176-casa-3-dormitorios-y-2-banos-_JM#polycard_client=search-nordic&position=3&search_layout=grid&type=item&tracking_id=5695eca6-438d-4a3a-b2cb-845991c485d8,Casa 3 Dormitorios Y 2 Baños,"Carr. Panamericana Sur, Los Monos, Puerto Montt, Los Lagos, Chile, Puerto Montt, Los Lagos",$,400000,Casas,Arriendo,400000.0,"Carr. Panamericana Sur, Los Monos, Puerto Montt, Los Lagos, Chile, Puerto Montt, Los Lagos",-38.3906385,-72.3901985,Eh1DYXJyLiBQYW5hbWVyaWNhbmEgU3VyLCBDaGlsZSIuKiwKFAoSCRFcHNVG7iGWEcAR21E44lcUEhQKEgkVDdh_IBIYlhHH0BDHMBgUmw
https://portalinmobiliario.com/MLC-2814509616-casa-en-arriendo-de-3-dorm-en-puerto-montt-_JM#polycard_client=search-nordic&position=4&search_layout=grid&type=item&tracking_id=5695eca6-438d-4a3a-b2cb-845991c485d8,Casa En Arriendo De 3 Dorm. En Puerto Montt,"Parque Fundadores, A 10 Minutos De Pto. Montt, Alerces, Puerto Montt, Los Lagos",$,600000,Casas,Arriendo,600000.0,"Parque Fundadores, A 10 Minutos De Pto. Montt, Alerces, Puerto Montt, Los Lagos",-41.4257579,-72.9090763,ChIJe9F5eK46GJYRrRWaE8_5J9k
https://portalinmobiliario.com/MLC-2807043290-arrienda-casa-como-nueva-sin-amoblar-sector-chinquio-puert-_JM#polycard_client=search-nordic&position=5&search_layout=grid&type=item&tracking_id=5695eca6-438d-4a3a-b2cb-845991c485d8,"Arrienda Casa Como Nueva Sin Amoblar, Sector Chinquio, Puert","Chinquio, Puerto Montt, Los Lagos",$,440000,Casas,Arriendo,440000.0,"Chinquio, Puerto Montt, Los Lagos",-41.4693622,-72.94244050000002,ChIJB_QgaU06GJYR38mleVrxo4Y
https://portalinmobiliario.com/MLC-1564571309-arriendo-hermosa-casa-condominio-aires-del-sur-sector-jardi-_JM#polycard_client=search-nordic&position=6&search_layout=grid&type=item&tracking_id=5695eca6-438d-4a3a-b2cb-845991c485d8,"Arriendo Hermosa Casa Condominio Aires Del Sur, Sector Jardí","Condominio Aires Del Sur, Puerto Montt, Puerto Montt, Los Lagos",$,800000,Casas,Arriendo,800000.0,"Condominio Aires Del Sur, Puerto Montt, Puerto Montt, Los Lagos",-41.4445754,-72.9465721,ChIJgaTUbCA7GJYRMgOVpG9Zndo
https://portalinmobiliario.com/MLC-2807091642-arrienda-casa-sin-amoblar-sector-chinquihue-puerto-montt-_JM#polycard_client=search-nordic&position=7&search_layout=grid&type=item&tracking_id=5695eca6-438d-4a3a-b2cb-845991c485d8,"Arrienda Casa Sin Amoblar, Sector Chinquihue, Puerto Montt","Chinquihue, Techo Para Todos, Puerto Montt, Los Lagos",$,440000,Casas,Arriendo,440000.0,"Chinquihue, Techo Para Todos, Puerto Montt, Los Lagos",-41.46183,-72.964854,ChIJ28fQPQw7GJYRzVQCklXIIgQ
https://portalinmobiliario.com/MLC-1555368635-arriendo-casa-sin-amoblar-sector-puerta-sur-puerto-montt-_JM#polycard_client=search-nordic&position=8&search_layout=grid&type=item&tracking_id=5695eca6-438d-4a3a-b2cb-845991c485d8,"Arriendo Casa Sin Amoblar, Sector Puerta Sur, Puerto Montt","Puerto Montt, Centro de Puerto Montt, Puerto Montt, Los Lagos",$,450000,Casas,Arriendo,450000.0,"Puerto Montt, Centro de Puerto Montt, Puerto Montt, Los Lagos",-41.4707328,-72.9463104,ChIJfwMlsqw7GJYRiAtToBq55zc
https://portalinmobiliario.com/MLC-1559054939-arriendo-cabana-soleada-sin-amoblar-sector-regimiento-pue-_JM#polycard_client=search-nordic&position=9&search_layout=grid&type=item&tracking_id=5695eca6-438d-4a3a-b2cb-845991c485d8,"Arriendo Cabaña Soleada, Sin Amoblar, Sector Regimiento, Pue","Regimiento, Puerto Montt, Lintz, Puerto Montt, Los Lagos",$,350000,Casas,Arriendo,350000.0,"Regimiento, Puerto Montt, Lintz, Puerto Montt, Los Lagos",-41.46872330000001,-72.9266026,ChIJdzJMWQ47GJYRY56sijaHSKE
https://portalinmobiliario.com/MLC-2827698858-se-arrienda-casa-condominio-sin-corredor-de-propiedades-_JM#polycard_client=search-nordic&position=10&search_layout=grid&type=item&tracking_id=5695eca6-438d-4a3a-b2cb-845991c485d8,Se Arrienda Casa (condominio) - Sin Corredor De Propiedades,"Pozo Almonte 561, Puerto Montt, Puerto Montt, Los Lagos",UF,1146,Casas,Arriendo,44051071.080000006,"Pozo Almonte 561, Puerto Montt, Puerto Montt, Los Lagos",-41.4558616,-72.9356653,ChIJZ1LajPo6GJYRfvGqJYmYRgc
https://portalinmobiliario.com/MLC-1561380263-estamos-en-tepual-km-6-antes-aeropuerto-y-paragua-_JM#polycard_client=search-nordic&position=11&search_layout=grid&type=item&tracking_id=5695eca6-438d-4a3a-b2cb-845991c485d8,Estamos- En Tepual Km 6 ( Antes Aeropuerto )y Paragua,"Carretera Austral Km 10 Chamiza 32, Centro de Puerto Montt, Puerto Montt, Los Lagos",$,350000,Casas,Arriendo,350000.0,"Carretera Austral Km 10 Chamiza 32, Centro de Puerto Montt, Puerto Montt, Los Lagos",-41.4749847,-72.9248169,Ei1DYXJyLiBBdXN0cmFsLCBQdWVydG8gTW9udHQsIExvcyBMYWdvcywgQ2hpbGUiLiosChQKEgkFgNFnsjsYlhEjbSKRJo_VQBIUChIJB_QgaU06GJYR38mleVrxo4Y
https://portalinmobiliario.com/MLC-2824939584-se-arrienda-casa-amoblada-en-bosquemar-_JM#polycard_client=search-nordic&position=12&search_layout=grid&type=item&tracking_id=5695eca6-438d-4a3a-b2cb-845991c485d8,Se Arrienda Casa Amoblada En Bosquemar,"Bosque De Agua 1500 - 1800, Puerto Montt, Puerto Montt, Los Lagos",$,500000,Casas,Arriendo,500000.0,"Bosque De Agua 1650, Puerto Montt, Puerto Montt, Los Lagos",-41.4873281,-72.9994328,EjNCb3NxdWUgZGUgQWd1YSAxNjUwLCBQdWVydG8gTW9udHQsIExvcyBMYWdvcywgQ2hpbGUiMRIvChQKEgk1JJezdjwYlhF0xanGvZSywBDyDCoUChIJjTN1U3E8GJYRcre-qzELQyY
